{
	"partitions" : [
		{
			"name" : "Top",
			"pins" : [
				{
					"name" : "LEDBOOL",
					"strict" : false
				},
				{
					"name" : "LedSinalA",
					"strict" : false
				},
				{
					"name" : "LedSinalB",
					"strict" : false
				},
				{
					"name" : "LEDSINALR",
					"strict" : false
				},
				{
					"name" : "LEDMODULO[4]",
					"strict" : false
				},
				{
					"name" : "LEDMODULO[3]",
					"strict" : false
				},
				{
					"name" : "LEDMODULO[2]",
					"strict" : false
				},
				{
					"name" : "LEDMODULO[1]",
					"strict" : false
				},
				{
					"name" : "LEDMODULO[0]",
					"strict" : false
				},
				{
					"name" : "SDA[5]",
					"strict" : false
				},
				{
					"name" : "SDA[4]",
					"strict" : false
				},
				{
					"name" : "SDA[3]",
					"strict" : false
				},
				{
					"name" : "SDA[0]",
					"strict" : false
				},
				{
					"name" : "SDB[5]",
					"strict" : false
				},
				{
					"name" : "SDB[4]",
					"strict" : false
				},
				{
					"name" : "SDB[3]",
					"strict" : false
				},
				{
					"name" : "SDB[0]",
					"strict" : false
				},
				{
					"name" : "SDR[6]",
					"strict" : false
				},
				{
					"name" : "SDR[5]",
					"strict" : false
				},
				{
					"name" : "SDR[4]",
					"strict" : false
				},
				{
					"name" : "SDR[3]",
					"strict" : false
				},
				{
					"name" : "SDR[2]",
					"strict" : false
				},
				{
					"name" : "SDR[0]",
					"strict" : false
				},
				{
					"name" : "SUA[6]",
					"strict" : false
				},
				{
					"name" : "SUA[5]",
					"strict" : false
				},
				{
					"name" : "SUA[4]",
					"strict" : false
				},
				{
					"name" : "SUA[3]",
					"strict" : false
				},
				{
					"name" : "SUA[2]",
					"strict" : false
				},
				{
					"name" : "SUA[1]",
					"strict" : false
				},
				{
					"name" : "SUA[0]",
					"strict" : false
				},
				{
					"name" : "SUB[6]",
					"strict" : false
				},
				{
					"name" : "SUB[5]",
					"strict" : false
				},
				{
					"name" : "SUB[4]",
					"strict" : false
				},
				{
					"name" : "SUB[3]",
					"strict" : false
				},
				{
					"name" : "SUB[2]",
					"strict" : false
				},
				{
					"name" : "SUB[1]",
					"strict" : false
				},
				{
					"name" : "SUB[0]",
					"strict" : false
				},
				{
					"name" : "SUR[6]",
					"strict" : false
				},
				{
					"name" : "SUR[5]",
					"strict" : false
				},
				{
					"name" : "SUR[4]",
					"strict" : false
				},
				{
					"name" : "SUR[3]",
					"strict" : false
				},
				{
					"name" : "SUR[2]",
					"strict" : false
				},
				{
					"name" : "SUR[1]",
					"strict" : false
				},
				{
					"name" : "SUR[0]",
					"strict" : false
				},
				{
					"name" : "S[2]",
					"strict" : false
				},
				{
					"name" : "S[1]",
					"strict" : false
				},
				{
					"name" : "A[1]",
					"strict" : false
				},
				{
					"name" : "B[1]",
					"strict" : false
				},
				{
					"name" : "A[0]",
					"strict" : false
				},
				{
					"name" : "B[0]",
					"strict" : false
				},
				{
					"name" : "B[2]",
					"strict" : false
				},
				{
					"name" : "A[2]",
					"strict" : false
				},
				{
					"name" : "B[3]",
					"strict" : false
				},
				{
					"name" : "A[3]",
					"strict" : false
				},
				{
					"name" : "A[4]",
					"strict" : false
				},
				{
					"name" : "B[4]",
					"strict" : false
				},
				{
					"name" : "S[0]",
					"strict" : false
				}
			]
		}
	]
}